{
  "version": 2,
  "builds": [
    {
      "src": "api/middleware.js",
      "use": "@vercel/node"
    },
    {
      "src": "package.json",
      "use": "@vercel/static-build",
      "config": {
        "distDir": "build"
      }
    }
  ],
  "routes": [
    {
      "src": "/api/(.*)",
      "dest": "/api/middleware.js"
    },
    {
      "src": "/static/(.*)",
      "dest": "/static/$1"
    },
    {
      "src": "/favicon.ico",
      "dest": "/favicon.ico"
    },
    {
      "src": "/manifest.json",
      "dest": "/manifest.json"
    },
    {
      "src": "/(.*)\\.(?:png|jpg|jpeg|gif|svg|ico)$",
      "dest": "/$1"
    },
    {
      "src": "/(.*)",
      "dest": "/index.html"
    }
  ]
} 